,Name, Pos, Seq
0,HrpF,10 (+),GGAAG
1,XrpFI,10 (+),GGAAG
2,f(alpha)-f(epsilon),10 (+),GGAAG
3,Fli-1,11 (+),GCGGAAGT
4,EBP-80,14 (+),GTGGT
5,Sp1,19 (+),TGCAC
6,MTF-1,21 (+),TGCACCC
7,CACCC-bindingfactor,21 (+),CACCC
8,Sp1,21 (+),CACCC
9,gammaCAC1,21 (+),CACCC
10,gammaCAC2,21 (+),CACCC
11,USF-1,25 (+),CCCGTG
12,USF1,25 (+),CCCGTG
13,USF2,25 (+),CCCGTG
14,USF2b,25 (+),CCCGTG
15,LBP-1,33 (+),CCAGC
16,MyoD,33 (+),CCAGC
17,NF-1(-likeproteins),33 (+),CCAGC
18,AP-4,35 (+),CAGCTG
19,E12,35 (+),CAGCTG
20,HEB,35 (+),CAGCTG
21,MyoD,35 (+),CAGCTG
22,XPF-1,35 (+),CAGCTG
23,CTCF,36 (+),GCTGC
24,POU1F1a,46 (+),ATGAATA
25,ISGF-3,52 (+),GGAAA
26,NF-ATc,52 (+),GGAAA
27,NF-ATp,52 (+),GGAAA
28,NF-ATx,52 (+),GGAAA
29,NF-AT3,53 (+),GGAAAA
30,NF-ATc,53 (+),GGAAAA
31,NF-ATp,53 (+),GGAAAA
32,NF-ATx,53 (+),GGAAAA
33,NFAT-1,53 (+),GGAAAA
34,Puboxbindingfactor,53 (+),GGAAAA
35,GR,55 (+),AAAACA
36,FOXM1a,55 (+),AAACA
37,FOXM1b,55 (+),AAACA
38,HNF-3B,55 (+),AAACA
39,HNF-3alpha,55 (+),AAACA
40,NF-Y,58 (+),CAGCA
41,GATA-1,84 (+),TTATCA
42,GATA-2,84 (+),TTATCA
43,factorB2,84 (+),TATCA
44,c-Myb,87 (+),CAACT
45,XPF-1,100 (+),ATGAGA
46,SRF,105 (+),AAGAT
47,GATA-1,107 (+),AGATAA
48,GATA-2,107 (+),AGATAA
49,GATA-4,107 (+),AGATAA
50,RXR-alpha,109 (+),TAACT
51,c-Myb,122 (+),CAGTTA
52,CP1,134 (+),GACAAG
53,GATA-1,134 (+),GACAAG
54,NFE-6,134 (+),GACAAG
55,FOXM1a,160 (+),TGTTT
56,FOXM1b,160 (+),TGTTT
57,HNF-3B,160 (+),TGTTT
58,HNF-3alpha,160 (+),TGTTT
59,LUN-1,164 (+),TCCCA
60,CACCC-bindingfactor,174 (+),GGGTGG
61,CAC-bindingprotein,174 (+),GGTGG
62,Sp1,174 (+),GGTGG
63,EBP-80,175 (+),GTGGT
64,CAC-bindingprotein,177 (+),GGTGG
65,Sp1,177 (+),GGTGG
66,AP-2,179 (+),TGGCC
67,AP-2alphaA,179 (+),TGGCC
68,AP-2alphaB,179 (+),TGGCC
69,NF-1,179 (+),TGGCC
70,GR,187 (+),GAAAGT
71,FOXM1a,193 (+),TGTTT
72,FOXM1b,193 (+),TGTTT
73,HNF-3B,193 (+),TGTTT
74,HNF-3alpha,193 (+),TGTTT
75,C/EBPalpha,196 (+),GTTTGCT
76,HNF-1A,196 (+),GTTTGCT
77,F2F,222 (+),TAAAAT
78,POU1F1a,222 (+),TAAAAT
79,LEF-1,227 (+),ATCAAAG
80,TCF-3,227 (+),ATCAAAG
81,CAR,240 (+),TGAAC
82,RAR-alpha1,240 (+),TGAAC
83,RAR-beta,240 (+),TGAAC
84,RXR-alpha,240 (+),TGAAC
85,PPAR-alpha,241 (+),TGAACC
86,RXR-alpha,241 (+),TGAACC
87,VDR,241 (+),TGAACC
88,COUP-TF1,270 (+),AGTTCA
89,FXR,270 (+),AGTTCA
90,LXR-alpha,270 (+),AGTTCA
91,LXR-beta,270 (+),AGTTCA
92,PPAR-alpha,270 (+),AGTTCA
93,PXR-1,270 (+),AGTTCA
94,PXR-2,270 (+),AGTTCA
95,RAR-alpha1,270 (+),AGTTCA
96,RAR-beta,270 (+),AGTTCA
97,RXR-alpha,270 (+),AGTTCA
98,RXR-beta,270 (+),AGTTCA
99,RXR-gamma,270 (+),AGTTCA
100,TGIF,270 (+),AGTTCA
101,RAR-alpha1,270 (+),GTTCA
102,RAR-beta2,270 (+),GTTCA
103,RAR-gamma1,270 (+),GTTCA
104,Ref-1,285 (+),GTCTCA
105,RXR-alpha,292 (+),TCCCCC
106,VDR,292 (+),TCCCCC
107,Sp1,292 (+),CCCCC
108,Sp2,292 (+),CCCCC
109,Sp3,292 (+),CCCCC
110,Sp4,292 (+),CCCCC
111,c-Ets-2,301 (+),AAGGAA
112,HrpF,302 (+),GGAAG
113,XrpFI,302 (+),GGAAG
114,f(alpha)-f(epsilon),302 (+),GGAAG
115,GATA-1,312 (+),AATCT
116,FOXM1a,324 (+),AAACA
117,FOXM1b,324 (+),AAACA
118,HNF-3B,324 (+),AAACA
119,HNF-3alpha,324 (+),AAACA
120,NF-1(-likeproteins),344 (+),CTTGGC
121,NF-1,344 (+),TTGGC
122,AP-2,345 (+),TGGCC
123,AP-2alphaA,345 (+),TGGCC
124,AP-2alphaB,345 (+),TGGCC
125,NF-1,345 (+),TGGCC
126,EBP-80,353 (+),GTGGT
127,NF-E,358 (+),CTGTC
128,Meis-2a,359 (+),CTGTCA
129,Meis-2b,359 (+),CTGTCA
130,Meis-2c,359 (+),CTGTCA
131,Meis-2d,359 (+),CTGTCA
132,TGIF,359 (+),CTGTCA
133,GR,369 (+),TCTTAT
134,MCBF,373 (+),ATTCCT
135,Elk-1,374 (+),TTCCTC
136,PU.1,374 (+),TTCCTC
137,SAP-1a,374 (+),TTCCTC
138,SAP-1b,374 (+),TTCCTC
139,SRF,374 (+),TTCCTC
140,Elk-1,397 (+),TTCCTC
141,PU.1,397 (+),TTCCTC
142,SAP-1a,397 (+),TTCCTC
143,SAP-1b,397 (+),TTCCTC
144,SRF,397 (+),TTCCTC
145,NF-ATp,401 (+),TCAGCA
146,c-Maf,401 (+),TCAGCA
147,NF-Y,401 (+),CAGCA
148,LF-A1,409 (+),CCTTGC
149,GR,416 (+),GGCACA
150,RXR-alpha,445 (+),TCCCCC
151,VDR,445 (+),TCCCCC
152,Sp1,445 (+),CCCCC
153,Sp2,445 (+),CCCCC
154,Sp3,445 (+),CCCCC
155,Sp4,445 (+),CCCCC
156,Sp1,446 (+),CCCCC
157,Sp2,446 (+),CCCCC
158,Sp3,446 (+),CCCCC
159,Sp4,446 (+),CCCCC
160,C/EBPalpha,449 (+),CCCAAC
161,C/EBPbeta,449 (+),CCCAAC
162,c-Myb,450 (+),CAACT
163,c-Myb,451 (+),CAACTT
164,T3R-alpha,454 (+),CTTGGG
165,ARP-1,457 (+),GGGTCT
166,Sp1,465 (+),CGCCC
167,VDR,466 (+),CGCCCT
168,H4TF-2,483 (+),GGTCC
169,Sp1,495 (+),CCGCCC
170,Sp1,495 (+),CGCCC
171,LXR-alpha,496 (+),CGCCCG
172,LXR-beta,496 (+),CGCCCG
173,RXR-alpha,496 (+),CGCCCG
174,Sp1,496 (+),GCCCG
175,Sp2,496 (+),GCCCG
176,Sp3,496 (+),GCCCG
177,Sp4,496 (+),GCCCG
178,SMAD-3,498 (+),CCCGCC
179,SMAD-4,498 (+),CCCGCC
180,ER-alpha,503 (+),TGCCC
181,ER-beta,503 (+),TGCCC
182,CAC-bindingprotein,504 (+),CTGCCCC
183,NF-E2,504 (+),CTGCCCC
184,Sp1,505 (+),CCCCC
185,Sp2,505 (+),CCCCC
186,Sp3,505 (+),CCCCC
187,Sp4,505 (+),CCCCC
188,Sp1,508 (+),CCCCTCC
189,GATA-1,521 (+),TCTATC
190,NF-E,521 (+),CTATC
191,GATA-1,524 (+),CTATCGCC
192,Sp1,530 (+),GGGGCC
193,ZAC-1a,531 (+),GGGCCC
194,AP-2alphaA,535 (+),CCCAGGG
195,AP-2alphaB,535 (+),CCCAGGG
196,AP-2alphaA,536 (+),GCCCAGGGC
197,AP-2alphaB,536 (+),GCCCAGGGC
198,ZAC-1a,538 (+),GGGCCC
199,Sp1,539 (+),GCCCG
200,Sp2,539 (+),GCCCG
201,Sp3,539 (+),GCCCG
202,Sp4,539 (+),GCCCG
203,GR,591 (+),CACACA
204,CTCF,600 (+),GCTGC
205,ER-alpha,602 (+),TGCCC
206,ER-beta,602 (+),TGCCC
207,Sp1,603 (+),GCCCG
208,Sp2,603 (+),GCCCG
209,Sp3,603 (+),GCCCG
210,Sp4,603 (+),GCCCG
211,ZAC-1a,608 (+),GGGCCC
212,Sp1,609 (+),GCCCG
213,Sp2,609 (+),GCCCG
214,Sp3,609 (+),GCCCG
215,Sp4,609 (+),GCCCG
216,HrpF,633 (+),GGAAG
217,XrpFI,633 (+),GGAAG
218,f(alpha)-f(epsilon),633 (+),GGAAG
219,Sp1,637 (+),GCCCG
220,Sp2,637 (+),GCCCG
221,Sp3,637 (+),GCCCG
222,Sp4,637 (+),GCCCG
223,PKNOX1,655 (+),TGACAG
224,PKNOX2,655 (+),TGACAG
225,Pbx-1a,655 (+),TGACAG
226,Pbx-1b,655 (+),TGACAG
227,Pbx-2,655 (+),TGACAG
228,UEF-3,655 (+),TGACAG
229,UEF-1,656 (+),CATGACAGC
230,NF-Y,657 (+),CAGCA
231,c-Ets-1,662 (+),CAGGAAG
232,HrpF,662 (+),GGAAG
233,XrpFI,662 (+),GGAAG
234,f(alpha)-f(epsilon),662 (+),GGAAG
235,Sp1,668 (+),CCCCC
236,Sp2,668 (+),CCCCC
237,Sp3,668 (+),CCCCC
238,Sp4,668 (+),CCCCC
239,GR,674 (+),GGCACA
240,GR,682 (+),AGAACA
241,GR-alpha,682 (+),AGAACA
242,GR-beta,682 (+),AGAACA
243,PR,682 (+),AGAACA
244,PRA,682 (+),AGAACA
245,NIP,691 (+),GGATG
246,PEA3,691 (+),GGATG
247,NF-ATp,697 (+),TCAGCA
248,c-Maf,697 (+),TCAGCA
249,NF-Y,697 (+),CAGCA
250,Sp1,702 (+),CCGCG
251,Sp2,702 (+),CCGCG
252,Sp3,702 (+),CCGCG
253,Sp4,702 (+),CCGCG
254,NIP,708 (+),GGATG
255,PEA3,708 (+),GGATG
256,CTCF,713 (+),GCTGC
257,ISGF-3,719 (+),GGAAA
258,NF-ATc,719 (+),GGAAA
259,NF-ATp,719 (+),GGAAA
260,NF-ATx,719 (+),GGAAA
261,Elf-1,734 (+),ACTTCC
262,c-Ets-1,734 (+),ACTTCC
263,HrpF,734 (+),CTTCC
264,XrpFI,734 (+),CTTCC
265,NF-E4,747 (+),GCGGC
266,Sp1,747 (+),GCGGC
267,VDR,755 (+),GGGGCA
268,ER-alpha,755 (+),GGGCA
269,ER-beta,755 (+),GGGCA
270,LF-A1,755 (+),GGGCA
271,Sp1,755 (+),GGGCA
272,Sp1,756 (+),GGGCAG
273,ARP-1,760 (+),AGGCTG
274,RXR-alpha,760 (+),AGGCTG
275,RXR-gamma,760 (+),AGGCTG
276,T3R-alpha,760 (+),AGGCTG
277,Sp1,762 (+),GGCTGGG
278,IL-6RE-BP,763 (+),CTGGGA
279,STAT1,763 (+),CTGGGA
280,STAT5A,763 (+),CTGGGA
281,STAT5B,763 (+),CTGGGA
282,STAT6,763 (+),CTGGGA
283,LUN-1,763 (+),TGGGA
284,AP-2alphaA,764 (+),TGGGAG
285,AP-2alphaB,764 (+),TGGGAG
286,MAPF2,765 (+),GGAGC
287,YY1,765 (+),GGAGC
288,Sp1,786 (+),GGGGGCGG
289,Sp3,786 (+),GGGGCGG
290,CP1,786 (+),GGGCGG
291,Sp1,786 (+),GGGCGG
292,Sp1,787 (+),GGGGCGGG
293,Sp1,787 (+),GGCGGG
294,Sp1,788 (+),GGGGCGGGC
295,ZAC-1a,790 (+),GGGCCC
296,MTF-1,825 (+),TGCGCTC
297,AR,836 (+),AAAACT
298,c-Myb,847 (+),GCGTTT
299,Elf-1,860 (+),ACTTCC
300,c-Ets-1,860 (+),ACTTCC
301,HrpF,860 (+),CTTCC
302,XrpFI,860 (+),CTTCC
303,Sp1,864 (+),CCGCG
304,Sp2,864 (+),CCGCG
305,Sp3,864 (+),CCGCG
306,Sp4,864 (+),CCGCG
307,AP-2,865 (+),CCCGCGC
308,NF-1(-likeproteins),872 (+),CTTGGC
309,NF-1,872 (+),TTGGC
310,Sp1,877 (+),TGTGC
311,GR,878 (+),TGTGCC
312,CRE-BP1,890 (+),CGTCA
313,CREB,890 (+),CGTCA
314,c-Fos,890 (+),CGTCA
315,c-Jun,890 (+),CGTCA
316,AML1,901 (+),TGTGGG
317,AML1a,901 (+),TGTGGG
318,AML1c,901 (+),TGTGGG
319,EBP-80,911 (+),GTGGT
320,EBP-80,939 (+),GTGGT
321,NF-1(-likeproteins),941 (+),GTGGTGT
322,Sp1,941 (+),GTGGTGT
323,ARP-1,943 (+),GTGTCA
324,COUP,943 (+),GTGTCA
325,COUP-TF1,943 (+),GTGTCA
326,PPAR-alpha,943 (+),GTGTCA
327,RXR-alpha,943 (+),GTGTCA
328,Pax-2,954 (+),GTGAC
329,Pax-5,954 (+),GTGAC
330,Pax-8,954 (+),GTGAC
331,NP-III,955 (+),GTGACC
332,CAR,955 (+),TGACC
333,ER-alpha,955 (+),TGACC
334,RAR-alpha1,955 (+),TGACC
335,RAR-beta,955 (+),TGACC
336,COUP,956 (+),TGACCC
337,FOR1,956 (+),TGACCC
338,FOR2,956 (+),TGACCC
339,FXR,956 (+),TGACCC
340,LF-A1,956 (+),TGACCC
341,LXR-alpha,956 (+),TGACCC
342,LXR-beta,956 (+),TGACCC
343,PXR-1,956 (+),TGACCC
344,RAR-alpha1,956 (+),TGACCC
345,RAR-beta,956 (+),TGACCC
346,RAR-gamma,956 (+),TGACCC
347,RORalpha1,956 (+),TGACCC
348,RXR-alpha,956 (+),TGACCC
349,RXR-beta2,956 (+),TGACCC
350,T3R-alpha,956 (+),TGACCC
351,USF-1,956 (+),TGACCC
352,USF2,956 (+),TGACCC
353,NF-E,971 (+),CTGTC
354,Meis-2a,972 (+),CTGTCA
355,Meis-2b,972 (+),CTGTCA
356,Meis-2c,972 (+),CTGTCA
357,Meis-2d,972 (+),CTGTCA
358,TGIF,972 (+),CTGTCA
359,SRF,984 (+),ATCTT
360,HrpF,986 (+),CTTCC
361,XrpFI,986 (+),CTTCC
362,LUN-1,988 (+),TCCCA
363,LBP-1,990 (+),CCAGT
364,NF-1(-likeproteins),990 (+),CCAGT
365,FOXM1a,997 (+),TGTTT
366,FOXM1b,997 (+),TGTTT
367,HNF-3B,997 (+),TGTTT
368,HNF-3alpha,997 (+),TGTTT
369,Crx,1009 (+),GGATTAG
370,AP-1,1015 (+),GGTGTAA
371,Fra-1,1015 (+),GGTGTAA
372,Fra-2,1015 (+),GGTGTAA
373,JunB,1015 (+),GGTGTAA
374,JunD,1015 (+),GGTGTAA
375,c-Fos,1015 (+),GGTGTAA
376,c-Jun,1015 (+),GGTGTAA
377,POU1F1a,1017 (+),TAAAT
378,ETF,1021 (+),TATAA
379,CAR,1030 (+),TGACC
380,ER-alpha,1030 (+),TGACC
381,RAR-alpha1,1030 (+),TGACC
382,RAR-beta,1030 (+),TGACC
383,GR,1052 (+),GAAAGT
384,PTF,1054 (+),AGTAT
385,Gbx2,1057 (+),ATTAA
386,HNF-1,1058 (+),ATTAAC
387,HNF-1B,1058 (+),ATTAAC
388,RXR-alpha,1059 (+),TAACT
389,NF-E,1062 (+),CTATC
390,GATA-1,1063 (+),CTATCA
391,factorB2,1063 (+),TATCA
392,GATA-1,1064 (+),ACTATCAC
393,GR,1064 (+),TATCAC
394,Tbx2,1090 (+),GTGTGA
395,AR,1102 (+),GGTACA
396,GR,1102 (+),GGTACA
397,HiNF-A,1108 (+),AGAAATG
398,CAR,1126 (+),TGACC
399,ER-alpha,1126 (+),TGACC
400,RAR-alpha1,1126 (+),TGACC
401,RAR-beta,1126 (+),TGACC
402,ER-alpha,1127 (+),TGACCT
403,ER-beta1,1127 (+),TGACCT
404,FXR,1127 (+),TGACCT
405,NHP-1,1127 (+),TGACCT
406,PPAR-alpha,1127 (+),TGACCT
407,RXR-alpha,1127 (+),TGACCT
408,RXR-gamma,1127 (+),TGACCT
409,SF-1,1127 (+),TGACCT
410,T3R-alpha1,1127 (+),TGACCT
411,T3R-beta1,1127 (+),TGACCT
412,TR2-11,1127 (+),TGACCT
413,XPF-1,1145 (+),ATGAGA
414,Ref-1,1146 (+),TGAGAC
415,c-Myb,1163 (+),GAACTT
416,Elf-1,1165 (+),ACTTCC
417,c-Ets-1,1165 (+),ACTTCC
418,HrpF,1165 (+),CTTCC
419,XrpFI,1165 (+),CTTCC
420,Elk-1,1167 (+),TTCCTC
421,PU.1,1167 (+),TTCCTC
422,SAP-1a,1167 (+),TTCCTC
423,SAP-1b,1167 (+),TTCCTC
424,SRF,1167 (+),TTCCTC
425,ARP-1,1216 (+),AGGAGG
426,Sp1,1219 (+),AGGCGG
427,Sp1,1220 (+),GGCGGG
428,Sp1,1221 (+),GGCGGGG
429,Krox-20,1224 (+),GCGGGGGCG
430,Krox-24,1224 (+),GCGGGGGCG
431,Sp1,1224 (+),GCGGGGGCG
432,WT1-KTS,1224 (+),GCGGGGGCG
433,WT1I,1224 (+),GCGGGGGCG
434,WT1I-KTS,1224 (+),GCGGGGGCG
435,Sp1,1225 (+),GGGGGCGG
436,Sp3,1225 (+),GGGGCGG
437,CP1,1225 (+),GGGCGG
438,Sp1,1225 (+),GGGCGG
439,Sp1,1226 (+),GGGGCGGG
440,Sp1,1226 (+),GGCGGG
441,Sp1,1227 (+),GGCGGGG
442,GCF,1229 (+),GGGCGGGGCG
443,Sp1,1238 (+),AGGCGG
444,Sp1,1239 (+),GGCGGG
445,Sp1,1258 (+),GGGGGCGG
446,Sp3,1258 (+),GGGGCGG
447,CP1,1258 (+),GGGCGG
448,Sp1,1258 (+),GGGCGG
449,Sp1,1259 (+),GGGGCGGG
450,Sp1,1259 (+),GGCGGG
451,Sp1,1260 (+),GGCGGGG
452,Krox-20,1263 (+),GCGGGGGCG
453,Krox-24,1263 (+),GCGGGGGCG
454,Sp1,1263 (+),GCGGGGGCG
455,WT1-KTS,1263 (+),GCGGGGGCG
456,WT1I,1263 (+),GCGGGGGCG
457,WT1I-KTS,1263 (+),GCGGGGGCG
458,Sp1,1264 (+),GGGGGCGG
459,Sp3,1264 (+),GGGGCGG
460,CP1,1264 (+),GGGCGG
461,Sp1,1264 (+),GGGCGG
462,Sp1,1271 (+),AGGCGG
463,Sp1,1277 (+),AGGCGG
464,Sp1,1278 (+),GGCGGG
465,Sp1,1279 (+),GGCGGGG
466,Sp1,1280 (+),GAGGCGGGGC
467,octamer-bindingfactor,1280 (+),GAGGCGGGGC
468,Sp1,1284 (+),GGCTGGG
469,TFIID,1285 (+),GGCTGGGG
470,Sp1,1297 (+),GGGGGCGG
471,Sp3,1297 (+),GGGGCGG
472,CP1,1297 (+),GGGCGG
473,Sp1,1297 (+),GGGCGG
474,Sp1,1298 (+),GGGGCGGG
475,Sp1,1298 (+),GGCGGG
476,Sp1,1299 (+),GGCGGGG
477,CAC-bindingprotein,1302 (+),GGGGTG
478,CACCC-bindingfactor,1303 (+),GGGTGG
479,CAC-bindingprotein,1303 (+),GGTGG
480,Sp1,1303 (+),GGTGG
481,Sp1,1304 (+),GGTGGG
482,LUN-1,1305 (+),TGGGA
483,AP-2alphaA,1306 (+),TGGGAG
484,AP-2alphaB,1306 (+),TGGGAG
485,Sp1,1310 (+),AGGCGG
486,Sp1,1316 (+),AGGCGG
487,Sp1,1317 (+),GGCGGG
488,Sp1,1318 (+),GGCGGGG
489,Sp1,1319 (+),GAGGCGGGGC
490,octamer-bindingfactor,1319 (+),GAGGCGGGGC
491,Sp1,1320 (+),GGGGCC
492,Sp1,1322 (+),GGGGCCGG
493,Sp1,1336 (+),GGGGGCGG
494,Sp3,1336 (+),GGGGCGG
495,CP1,1336 (+),GGGCGG
496,Sp1,1336 (+),GGGCGG
497,Sp1,1337 (+),GGGGCGGG
498,Sp1,1337 (+),GGCGGG
499,Sp1,1338 (+),GGCGGGG
500,GCF,1340 (+),GGGCGGGGCG
501,RXR-alpha,1362 (+),TGGACT
502,VDR,1362 (+),TGGACT
503,YY1,1375 (+),ACATGG
504,T3R-alpha,1386 (+),TGGGGT
505,T3R-beta1,1386 (+),TGGGGT
506,T3R-beta2,1386 (+),TGGGGT
507,NF-1,1390 (+),TTGGC
508,Sp1,1398 (+),CCGCG
509,Sp2,1398 (+),CCGCG
510,Sp3,1398 (+),CCGCG
511,Sp4,1398 (+),CCGCG
512,NF-E4,1400 (+),GCGGC
513,Sp1,1400 (+),GCGGC
514,AML1,1417 (+),TGTGGG
515,AML1a,1417 (+),TGTGGG
516,AML1c,1417 (+),TGTGGG
517,Sp1,1420 (+),GGGGCC
518,Sp1,1422 (+),GGGGCCGG
519,CAR,1432 (+),TGAAC
520,RAR-alpha1,1432 (+),TGAAC
521,RAR-beta,1432 (+),TGAAC
522,RXR-alpha,1432 (+),TGAAC
523,ARP-1,1438 (+),GGGTCG
524,Sp1,1460 (+),GGGGCC
525,RXR-beta,1471 (+),AGGCCT
526,T3R-alpha1,1471 (+),AGGCCT
527,T3R-beta1,1471 (+),AGGCCT
528,NF-E4,1476 (+),GCGGC
529,Sp1,1476 (+),GCGGC
530,NF-E,1480 (+),CTGTC
531,NF-1(-likeproteins),1494 (+),CTTGGC
532,NF-1,1494 (+),TTGGC
533,NF-E4,1497 (+),GCGGC
534,Sp1,1497 (+),GCGGC
535,AP-1,1489 (-),CCAAG
536,CCAAT-bindingfactor,1489 (-),CCAAG
537,LBP-1,1482 (-),CCAGC
538,MyoD,1482 (-),CCAGC
539,NF-1(-likeproteins),1482 (-),CCAGC
540,LEF-1,1471 (-),CCGCA
541,PEBP2alphaA1,1471 (-),CCGCA
542,c-Ets-1,1471 (-),CCGCA
543,RXR-beta,1466 (-),AGGCCT
544,T3R-alpha1,1466 (-),AGGCCT
545,T3R-beta1,1466 (-),AGGCCT
546,c-Myb,1459 (-),AAACGG
547,AhR,1451 (-),CACGC
548,Arnt,1451 (-),CACGC
549,RXR-alpha,1444 (-),TCCCCC
550,VDR,1444 (-),TCCCCC
551,Sp1,1444 (-),CCCCC
552,Sp2,1444 (-),CCCCC
553,Sp3,1444 (-),CCCCC
554,Sp4,1444 (-),CCCCC
555,PPYR,1442 (-),CTCCCCCGG
556,RAR-alpha1,1428 (-),GTTCA
557,RAR-beta2,1428 (-),GTTCA
558,RAR-gamma1,1428 (-),GTTCA
559,c-Myb,1425 (-),CAACT
560,CTCF,1399 (-),GCTGC
561,Sp1,1395 (-),CCGCG
562,Sp2,1395 (-),CCGCG
563,Sp3,1395 (-),CCGCG
564,Sp4,1395 (-),CCGCG
565,NF-E4,1393 (-),GCGGC
566,Sp1,1393 (-),GCGGC
567,Sp1,1364 (-),CCGCG
568,Sp2,1364 (-),CCGCG
569,Sp3,1364 (-),CCGCG
570,Sp4,1364 (-),CCGCG
571,E2F-1,1363 (-),TTCCGCGC
572,GR,1357 (-),AGTCCA
573,AP-1,1355 (-),CCAAG
574,CCAAT-bindingfactor,1355 (-),CCAAG
575,Sp1,1336 (-),CGCCC
576,Sp1,1332 (-),CCCCGCC
577,SMAD-3,1332 (-),CCCGCC
578,SMAD-4,1332 (-),CCCGCC
579,Sp1,1331 (-),CCGCCC
580,Sp1,1331 (-),CGCCC
581,Sp1,1330 (-),GCCCCGCCCC
582,Sp1,1330 (-),CCGCCCC
583,Sp1,1329 (-),CCGCCCCC
584,Sp1,1329 (-),CCCCC
585,Sp2,1329 (-),CCCCC
586,Sp3,1329 (-),CCCCC
587,Sp4,1329 (-),CCCCC
588,Sp1,1322 (-),CGCCC
589,Sp1,1312 (-),CCCCGCC
590,SMAD-3,1312 (-),CCCGCC
591,SMAD-4,1312 (-),CCCGCC
592,IRE-ABP,1310 (-),CCCGCCTC
593,SRY,1310 (-),CCCGCCTC
594,Sp1,1304 (-),CTCCGCCTC
595,LUN-1,1301 (-),TCCCA
596,CAC-bindingprotein,1299 (-),CCACC
597,GATA-1,1298 (-),CCCACCC
598,Sp1,1298 (-),CCCACCC
599,ETF,1298 (-),CCACCC
600,Sp1,1298 (-),CCACCC
601,CACCC-bindingfactor,1298 (-),CACCC
602,Sp1,1298 (-),CACCC
603,gammaCAC1,1298 (-),CACCC
604,gammaCAC2,1298 (-),CACCC
605,Sp1,1296 (-),CCCCC
606,Sp2,1296 (-),CCCCC
607,Sp3,1296 (-),CCCCC
608,Sp4,1296 (-),CCCCC
609,Sp1,1293 (-),CCCCGCC
610,SMAD-3,1293 (-),CCCGCC
611,SMAD-4,1293 (-),CCCGCC
612,Sp1,1292 (-),CCGCCC
613,Sp1,1292 (-),CGCCC
614,Sp1,1291 (-),CCCCCGCCCC
615,Sp1,1291 (-),CCGCCCC
616,Sp1,1290 (-),CCGCCCCC
617,Sp1,1290 (-),CCCCC
618,Sp2,1290 (-),CCCCC
619,Sp3,1290 (-),CCCCC
620,Sp4,1290 (-),CCCCC
621,Sp1,1283 (-),CGCCC
622,LBP-1,1279 (-),CCAGC
623,MyoD,1279 (-),CCAGC
624,NF-1(-likeproteins),1279 (-),CCAGC
625,Sp1,1276 (-),CCCAGCCCC
626,Sp1,1273 (-),CCCCGCC
627,SMAD-3,1273 (-),CCCGCC
628,SMAD-4,1273 (-),CCCGCC
629,IRE-ABP,1271 (-),CCCGCCTC
630,SRY,1271 (-),CCCGCCTC
631,Sp1,1259 (-),CCGCCC
632,Sp1,1259 (-),CGCCC
633,Sp1,1258 (-),CCGCCCC
634,Sp1,1257 (-),CCGCCCCC
635,Sp1,1257 (-),CCCCC
636,Sp2,1257 (-),CCCCC
637,Sp3,1257 (-),CCCCC
638,Sp4,1257 (-),CCCCC
639,WT1,1255 (-),CGCCCCCGC
640,Sp1,1254 (-),CCCCGCC
641,SMAD-3,1254 (-),CCCGCC
642,SMAD-4,1254 (-),CCCGCC
643,Sp1,1253 (-),CCGCCC
644,Sp1,1253 (-),CGCCC
645,Sp1,1252 (-),CCCCCGCCCC
646,Sp1,1252 (-),CCGCCCC
647,Sp1,1251 (-),CCGCCCCC
648,Sp1,1251 (-),CCCCC
649,Sp2,1251 (-),CCCCC
650,Sp3,1251 (-),CCCCC
651,Sp4,1251 (-),CCCCC
652,Sp1,1244 (-),CGCCC
653,H4TF-2,1238 (-),GGTCC
654,SMAD-3,1234 (-),CCCGCC
655,SMAD-4,1234 (-),CCCGCC
656,IRE-ABP,1232 (-),CCCGCCTC
657,SRY,1232 (-),CCCGCCTC
658,Sp1,1228 (-),CCGCG
659,Sp2,1228 (-),CCGCG
660,Sp3,1228 (-),CCGCG
661,Sp4,1228 (-),CCGCG
662,Sp1,1225 (-),CGCCC
663,Sp1,1221 (-),CCCCGCC
664,SMAD-3,1221 (-),CCCGCC
665,SMAD-4,1221 (-),CCCGCC
666,Sp1,1220 (-),CCGCCC
667,Sp1,1220 (-),CGCCC
668,Sp1,1219 (-),GCCCCGCCCC
669,Sp1,1219 (-),CCGCCCC
670,Sp1,1218 (-),CCGCCCCC
671,Sp1,1218 (-),CCCCC
672,Sp2,1218 (-),CCCCC
673,Sp3,1218 (-),CCCCC
674,Sp4,1218 (-),CCCCC
675,WT1,1216 (-),CGCCCCCGC
676,Sp1,1215 (-),CCCCGCC
677,SMAD-3,1215 (-),CCCGCC
678,SMAD-4,1215 (-),CCCGCC
679,IRE-ABP,1213 (-),CCCGCCTC
680,SRY,1213 (-),CCCGCCTC
681,LF-A1,1208 (-),CCTTGC
682,Sp1,1189 (-),CGCCC
683,AR,1166 (-),AGTAGA
684,PU.1,1161 (-),GAGGAAG
685,HrpF,1161 (-),GGAAG
686,XrpFI,1161 (-),GGAAG
687,f(alpha)-f(epsilon),1161 (-),GGAAG
688,TIN-1,1157 (-),AGGAAGTTCC
689,Ref-1,1141 (-),GTCTCA
690,Sp1,1131 (-),CGCCC
691,ARP-1,1122 (-),AGGTCA
692,COUP,1122 (-),AGGTCA
693,COUP-TF1,1122 (-),AGGTCA
694,ER-alpha,1122 (-),AGGTCA
695,ER-beta1,1122 (-),AGGTCA
696,LXR-alpha,1122 (-),AGGTCA
697,NHP-1,1122 (-),AGGTCA
698,PPAR-alpha,1122 (-),AGGTCA
699,PPAR-gamma,1122 (-),AGGTCA
700,PXR-1,1122 (-),AGGTCA
701,RAR-alpha1,1122 (-),AGGTCA
702,RAR-beta,1122 (-),AGGTCA
703,RAR-beta2,1122 (-),AGGTCA
704,RAR-gamma1,1122 (-),AGGTCA
705,REVERB-alpha,1122 (-),AGGTCA
706,RXR-alpha,1122 (-),AGGTCA
707,RXR-beta,1122 (-),AGGTCA
708,RXR-gamma,1122 (-),AGGTCA
709,SXR,1122 (-),AGGTCA
710,T3R-alpha,1122 (-),AGGTCA
711,T3R-alpha1,1122 (-),AGGTCA
712,T3R-beta1,1122 (-),AGGTCA
713,TGIF,1122 (-),AGGTCA
714,ER-alpha,1122 (-),GGTCA
715,c-Fos,1122 (-),GGTCA
716,c-Jun,1122 (-),GGTCA
717,MAPF2,1112 (-),GGAGC
718,YY1,1112 (-),GGAGC
719,NF-ATp,1111 (-),GGAGCC
720,NF-1,1109 (-),AGCCAG
721,LBP-1,1108 (-),CCAGC
722,MyoD,1108 (-),CCAGC
723,NF-1(-likeproteins),1108 (-),CCAGC
724,NF-Y,1107 (-),CAGCA
725,YY1,1104 (-),CATTT
726,GR,1097 (-),TGTACC
727,MTF-1,1089 (-),TGCGCTC
728,NIP,1068 (-),GGATG
729,PEA3,1068 (-),GGATG
730,GATA-1,1059 (-),TGATA
731,GATA-2,1059 (-),TGATA
732,GATA-3,1059 (-),TGATA
733,GATA-1,1058 (-),TGATAG
734,Gbx2,1053 (-),TTAAT
735,PTF,1050 (-),ATACT
736,FXR,1026 (-),TGGTCA
737,LXR-alpha,1026 (-),TGGTCA
738,LXR-beta,1026 (-),TGGTCA
739,RXR-alpha,1026 (-),TGGTCA
740,ER-alpha,1026 (-),GGTCA
741,c-Fos,1026 (-),GGTCA
742,c-Jun,1026 (-),GGTCA
743,HiNF-D,1016 (-),TATAT
744,HiNF-M,1016 (-),TATAT
745,HiNF-P,1016 (-),TATAT
746,SRF(504AA),1016 (-),TATAT
747,TFIID,1016 (-),TATAT
748,TMF,1016 (-),TATAT
749,HNF-3B,1014 (-),TATTT
750,HNF-3alpha,1014 (-),TATTT
751,HNF-3,1012 (-),TATTTAC
752,deltaEF1,1007 (-),CACCTA
753,FOXO3a,993 (-),CAAAACA
754,HMGI,993 (-),CAAAACA
755,HMGY,993 (-),CAAAACA
756,HNF-3B,993 (-),CAAAACA
757,HNF-3alpha,993 (-),CAAAACA
758,HNF-3beta,993 (-),CAAAACA
759,GR,993 (-),AAAACA
760,FOXM1a,993 (-),AAACA
761,FOXM1b,993 (-),AAACA
762,HNF-3B,993 (-),AAACA
763,HNF-3alpha,993 (-),AAACA
764,IL-6RE-BP,984 (-),CTGGGA
765,STAT1,984 (-),CTGGGA
766,STAT5A,984 (-),CTGGGA
767,STAT5B,984 (-),CTGGGA
768,STAT6,984 (-),CTGGGA
769,LUN-1,984 (-),TGGGA
770,c-Ets-2,982 (-),GGGAAG
771,HrpF,982 (-),GGAAG
772,XrpFI,982 (-),GGAAG
773,f(alpha)-f(epsilon),982 (-),GGAAG
774,AP-2alphaA,981 (-),GGGAAGA
775,AP-2alphaB,981 (-),GGGAAGA
776,SRF,980 (-),AAGAT
777,NF-CLE0a,972 (-),TCATTT
778,NF-CLE0b,972 (-),TCATTT
779,YY1,972 (-),CATTT
780,EMF1,971 (-),CATTTG
781,MyoD,971 (-),CATTTG
782,PKNOX1,967 (-),TGACAG
783,PKNOX2,967 (-),TGACAG
784,Pbx-1a,967 (-),TGACAG
785,Pbx-1b,967 (-),TGACAG
786,Pbx-2,967 (-),TGACAG
787,UEF-3,967 (-),TGACAG
788,MAPF2,963 (-),GGAGC
789,YY1,963 (-),GGAGC
790,ER-alpha,962 (-),GAGCA
791,ER-beta,962 (-),GAGCA
792,AP-1,951 (-),GGGTCA
793,FOR1,951 (-),GGGTCA
794,FOR2,951 (-),GGGTCA
795,LXR-alpha,951 (-),GGGTCA
796,LXR-beta,951 (-),GGGTCA
797,PPAR-gamma,951 (-),GGGTCA
798,RAR-alpha1,951 (-),GGGTCA
799,RAR-beta,951 (-),GGGTCA
800,RAR-gamma,951 (-),GGGTCA
801,RXR-alpha,951 (-),GGGTCA
802,RXR-gamma,951 (-),GGGTCA
803,T3R,951 (-),GGGTCA
804,TR2-11,951 (-),GGGTCA
805,VDR,951 (-),GGGTCA
806,ER-alpha,951 (-),GGTCA
807,c-Fos,951 (-),GGTCA
808,c-Jun,951 (-),GGTCA
809,ARP-1,942 (-),AGGCTG
810,RXR-alpha,942 (-),AGGCTG
811,RXR-gamma,942 (-),AGGCTG
812,T3R-alpha,942 (-),AGGCTG
813,Sp1,899 (-),CGCCC
814,CREB,886 (-),TGACG
815,CREBbeta,886 (-),TGACG
816,GR,875 (-),TGGCA
817,NF-1,875 (-),TGGCA
818,NF-1/L,875 (-),TGGCA
819,GR,873 (-),GGCACA
820,AP-1,867 (-),CCAAG
821,CCAAT-bindingfactor,867 (-),CCAAG
822,c-Ets-2,856 (-),GGGAAG
823,HrpF,856 (-),GGAAG
824,XrpFI,856 (-),GGAAG
825,f(alpha)-f(epsilon),856 (-),GGAAG
826,CTCF,848 (-),GCTGC
827,MAPF2,822 (-),GGAGC
828,YY1,822 (-),GGAGC
829,GR,816 (-),CAGAG
830,ER-alpha,798 (-),GAGCA
831,ER-beta,798 (-),GAGCA
832,LBP-1,792 (-),CCAGC
833,MyoD,792 (-),CCAGC
834,NF-1(-likeproteins),792 (-),CCAGC
835,Sp1,786 (-),GGGGCC
836,ZAC-1a,785 (-),GGGCCC
837,Sp1,784 (-),GCCCG
838,Sp2,784 (-),GCCCG
839,Sp3,784 (-),GCCCG
840,Sp4,784 (-),GCCCG
841,SMAD-3,782 (-),CCCGCC
842,SMAD-4,782 (-),CCCGCC
843,Sp1,781 (-),GCCCGCCC
844,Sp1,781 (-),CCGCCC
845,Sp1,781 (-),CGCCC
846,Sp1,780 (-),CCGCCCC
847,Sp1,779 (-),CCGCCCCC
848,Sp1,779 (-),CCCCC
849,Sp2,779 (-),CCCCC
850,Sp3,779 (-),CCCCC
851,Sp4,779 (-),CCCCC
852,LUN-1,759 (-),TCCCA
853,LBP-1,757 (-),CCAGC
854,MyoD,757 (-),CCAGC
855,NF-1(-likeproteins),757 (-),CCAGC
856,ER-alpha,751 (-),TGCCC
857,ER-beta,751 (-),TGCCC
858,CAC-bindingprotein,750 (-),CTGCCCC
859,NF-E2,750 (-),CTGCCCC
860,Sp1,747 (-),CCGCG
861,Sp2,747 (-),CCGCG
862,Sp3,747 (-),CCGCG
863,Sp4,747 (-),CCGCG
864,AP-2,746 (-),CCCGCGC
865,HrpF,730 (-),GGAAG
866,XrpFI,730 (-),GGAAG
867,f(alpha)-f(epsilon),730 (-),GGAAG
868,IRF-1,727 (-),AAGTGA
869,IRF-2,727 (-),AAGTGA
870,ER-alpha,720 (-),GAGCA
871,ER-beta,720 (-),GAGCA
872,YY1,717 (-),CATTT
873,Sp1,699 (-),CCGCG
874,Sp2,699 (-),CCGCG
875,Sp3,699 (-),CCGCG
876,Sp4,699 (-),CCGCG
877,AR,677 (-),TGTTCT
878,GR,677 (-),TGTTCT
879,GR-alpha,677 (-),TGTTCT
880,GR-beta,677 (-),TGTTCT
881,PR-alpha,677 (-),TGTTCT
882,PR-beta,677 (-),TGTTCT
883,GR,674 (-),TCTTCT
884,Sp1,670 (-),TGTGC
885,GR,669 (-),TGTGCC
886,ARP-1,661 (-),GGGTCT
887,HrpF,658 (-),CTTCC
888,XrpFI,658 (-),CTTCC
889,NF-E,651 (-),CTGTC
890,Meis-2a,650 (-),CTGTCA
891,Meis-2b,650 (-),CTGTCA
892,Meis-2c,650 (-),CTGTCA
893,Meis-2d,650 (-),CTGTCA
894,TGIF,650 (-),CTGTCA
895,HrpF,629 (-),CTTCC
896,XrpFI,629 (-),CTTCC
897,NF-Y,622 (-),CAGCA
898,GR,619 (-),CAGAG
899,NF-1,615 (-),AGCCAG
900,VDR,610 (-),GAACTC
901,ZAC-1a,603 (-),GGGCCC
902,Sp1,602 (-),GCCCG
903,Sp2,602 (-),GCCCG
904,Sp3,602 (-),GCCCG
905,Sp4,602 (-),GCCCG
906,LXR-alpha,598 (-),CGGGCA
907,LXR-beta,598 (-),CGGGCA
908,RXR-alpha,598 (-),CGGGCA
909,ER-alpha,598 (-),GGGCA
910,ER-beta,598 (-),GGGCA
911,LF-A1,598 (-),GGGCA
912,Sp1,598 (-),GGGCA
913,Sp1,597 (-),GGGCAG
914,Sp1,593 (-),GCCCG
915,Sp2,593 (-),GCCCG
916,Sp3,593 (-),GCCCG
917,Sp4,593 (-),GCCCG
918,GR,583 (-),TGGCA
919,NF-1,583 (-),TGGCA
920,NF-1/L,583 (-),TGGCA
921,c-Myc,579 (-),CACCGT
922,MAPF2,569 (-),GGAGC
923,YY1,569 (-),GGAGC
924,IRF-1,552 (-),AAGTGA
925,IRF-2,552 (-),AAGTGA
926,ER-alpha,542 (-),GAGCA
927,ER-beta,542 (-),GAGCA
928,ZAC-1a,533 (-),GGGCCC
929,ZAC-1a,526 (-),GGGCCC
930,GATA-1,516 (-),GATAGA
931,RXR-alpha,511 (-),AGGGAG
932,T3R,511 (-),AGGGAG
933,VDR,511 (-),AGGGAG
934,RXR-beta,510 (-),GGGAGA
935,VDR,510 (-),GGGAGA
936,VDR,499 (-),GGGGCA
937,ER-alpha,499 (-),GGGCA
938,ER-beta,499 (-),GGGCA
939,LF-A1,499 (-),GGGCA
940,Sp1,499 (-),GGGCA
941,Sp1,498 (-),GGGCAG
942,Sp1,494 (-),AGGCGG
943,Sp1,493 (-),GGCGGG
944,CP1,490 (-),GGGCGG
945,Sp1,490 (-),GGGCGG
946,MAPF2,484 (-),GGAGC
947,YY1,484 (-),GGAGC
948,NF-Zc,477 (-),GGACCCT
949,NF-Zz,477 (-),GGACCCT
950,Sp1,458 (-),CGCCC
951,AP-1,449 (-),CCAAG
952,CCAAT-bindingfactor,449 (-),CCAAG
953,ISGF-3,438 (-),GGAAA
954,NF-ATc,438 (-),GGAAA
955,NF-ATp,438 (-),GGAAA
956,NF-ATx,438 (-),GGAAA
957,C/EBPalpha,437 (-),GGGGAAAC
958,c-Myb,435 (-),AAACGG
959,HIF-1,428 (-),GACGTG
960,Sp1,412 (-),TGTGC
961,GR,411 (-),TGTGCC
962,C/EBPalpha,398 (-),GTTTGCT
963,HNF-1A,398 (-),GTTTGCT
964,GR,380 (-),TGGCA
965,NF-1,380 (-),TGGCA
966,NF-1/L,380 (-),TGGCA
967,ARP-1,374 (-),GGGTCG
968,NIP,358 (-),GGATG
969,PEA3,358 (-),GGATG
970,PKNOX1,354 (-),TGACAG
971,PKNOX2,354 (-),TGACAG
972,Pbx-1a,354 (-),TGACAG
973,Pbx-1b,354 (-),TGACAG
974,Pbx-2,354 (-),TGACAG
975,UEF-3,354 (-),TGACAG
976,HES-1,346 (-),CACGAG
977,AP-2,341 (-),GGCCA
978,AP-2alphaA,341 (-),GGCCA
979,AP-2alphaB,341 (-),GGCCA
980,HNF-3alpha,341 (-),GGCCA
981,NF-1,341 (-),GGCCA
982,AP-1,339 (-),CCAAG
983,CCAAT-bindingfactor,339 (-),CCAAG
984,NF-1,327 (-),AGCCAG
985,NIP,323 (-),GGATG
986,PEA3,323 (-),GGATG
987,PEA3,322 (-),CAGGATGT
988,FOXM1a,320 (-),TGTTT
989,FOXM1b,320 (-),TGTTT
990,HNF-3B,320 (-),TGTTT
991,HNF-3alpha,320 (-),TGTTT
992,HrpF,298 (-),CTTCC
993,XrpFI,298 (-),CTTCC
994,c-Ets-2,296 (-),TTCCTT
995,kappaYfactor,295 (-),CTTCCTTA
996,Ref-1,280 (-),TGAGAC
997,CAR,266 (-),TGAAC
998,RAR-alpha1,266 (-),TGAAC
999,RAR-beta,266 (-),TGAAC
1000,RXR-alpha,266 (-),TGAAC
1001,CXR,265 (-),TGAACT
1002,GR,265 (-),TGAACT
1003,PXR-1,265 (-),TGAACT
1004,RAR-beta,265 (-),TGAACT
1005,RAR-gamma,265 (-),TGAACT
1006,RXR-alpha,265 (-),TGAACT
1007,RXR-beta,265 (-),TGAACT
1008,RXR-gamma,265 (-),TGAACT
1009,SXR,265 (-),TGAACT
1010,VDR,264 (-),GAACTC
1011,ARP-1,251 (-),GGGTCT
1012,c-Myb,240 (-),AAACGG
1013,RAR-beta,236 (-),GGTTCA
1014,RXR-alpha,236 (-),GGTTCA
1015,RXR-beta,236 (-),GGTTCA
1016,VDR,236 (-),GGTTCA
1017,RAR-alpha1,236 (-),GTTCA
1018,RAR-beta2,236 (-),GTTCA
1019,RAR-gamma1,236 (-),GTTCA
1020,AR,228 (-),AGTAGC
1021,TCF-4,221 (-),CCTTTGAT
1022,LEF-1,221 (-),CTTTGAT
1023,TCF-1(P),221 (-),CTTTGAT
1024,TCF-4,221 (-),CTTTGAT
1025,TCF-4E,221 (-),CTTTGAT
1026,GATA-1,220 (-),TGATT
1027,GATA-1,207 (-),TGATT
1028,TGT3,189 (-),AGCAAACA
1029,HNF-3,189 (-),GCAAACA
1030,HNF-3beta,189 (-),GCAAACA
1031,FOXM1a,189 (-),AAACA
1032,FOXM1b,189 (-),AAACA
1033,HNF-3B,189 (-),AAACA
1034,HNF-3alpha,189 (-),AAACA
1035,HiNF-A,187 (-),AAACACA
1036,AP-2,175 (-),GGCCA
1037,AP-2alphaA,175 (-),GGCCA
1038,AP-2alphaB,175 (-),GGCCA
1039,HNF-3alpha,175 (-),GGCCA
1040,NF-1,175 (-),GGCCA
1041,CAC-bindingprotein,173 (-),CCACC
1042,CAC-bindingprotein,170 (-),CCACC
1043,ETF,169 (-),CCACCC
1044,Sp1,169 (-),CCACCC
1045,CACCC-bindingfactor,169 (-),CACCC
1046,Sp1,169 (-),CACCC
1047,gammaCAC1,169 (-),CACCC
1048,gammaCAC2,169 (-),CACCC
1049,LUN-1,160 (-),TGGGA
1050,ISGF-3,158 (-),GGAAA
1051,NF-ATc,158 (-),GGAAA
1052,NF-ATp,158 (-),GGAAA
1053,NF-ATx,158 (-),GGAAA
1054,FOXM1a,156 (-),AAACA
1055,FOXM1b,156 (-),AAACA
1056,HNF-3B,156 (-),AAACA
1057,HNF-3alpha,156 (-),AAACA
1058,GATA-1,145 (-),TGATT
1059,CP1,131 (-),GCCTTG
1060,NF-E3,131 (-),GCCTTG
1061,RXR-alpha,118 (-),TAACT
1062,GATA-1,112 (-),GTATCT
1063,c-Myb,105 (-),CAGTTA
1064,GATA-1,102 (-),TTATCT
1065,GATA-2,102 (-),TTATCT
1066,GATA-3,102 (-),TTATCT
1067,SRF,101 (-),ATCTT
1068,GATA-1,80 (-),TGATA
1069,GATA-2,80 (-),TGATA
1070,GATA-3,80 (-),TGATA
1071,GATA-1,79 (-),TGATAA
1072,GATA-3,79 (-),TGATAA
1073,GATA-4,79 (-),TGATAA
1074,GATA-1,78 (-),GATAAA
1075,TBP,78 (-),GATAAA
1076,TFIID,78 (-),GATAAA
1077,TBP,78 (-),ATAAA
1078,TFIID,78 (-),ATAAA
1079,GR,72 (-),CAGAG
1080,TCF-4E,55 (-),CTTTGCT
1081,FOXM1a,51 (-),TGTTT
1082,FOXM1b,51 (-),TGTTT
1083,HNF-3B,51 (-),TGTTT
1084,HNF-3alpha,51 (-),TGTTT
1085,NF-ATc,48 (-),TTTTCC
1086,NF-ATp,48 (-),TTTTCC
1087,NFAT-1,48 (-),TTTTCC
1088,AP-4,30 (-),CAGCTG
1089,E12,30 (-),CAGCTG
1090,HEB,30 (-),CAGCTG
1091,MyoD,30 (-),CAGCTG
1092,XPF-1,30 (-),CAGCTG
1093,Sp1,23 (-),TGCAC
1094,USF-1,20 (-),CACGGG
1095,USF1,20 (-),CACGGG
1096,USF2,20 (-),CACGGG
1097,USF2b,20 (-),CACGGG
1098,CAC-bindingprotein,17 (-),GGGGTG
1099,MTF-1,15 (-),GGGTGCA
1100,Elf-1,6 (-),ACTTCC
1101,c-Ets-1,6 (-),ACTTCC
1102,HrpF,6 (-),CTTCC
1103,XrpFI,6 (-),CTTCC
